{"cameraMode":{"drawMode":0,"name":"Shaded","section":"Shading Mode"},"sceneLighting":true,"audioPlay":false,"sceneViewState":{"showFog":true,"showMaterialUpdate":false,"showSkybox":true,"showFlares":true,"showImageEffects":true,"showParticleSystems":true},"in2DMode":false,"pivot":{"x":0.05416584014892578,"y":-9.873005867004395,"z":2.1410300731658937},"rotation":{"x":-0.08533402532339096,"y":0.6891579031944275,"z":-0.0822654440999031,"w":-0.7148551940917969},"size":2.2939672470092775,"orthographic":false}